Company,Day,Current Price,Forward Return,Rate,Action,Action,True Action,Reward,Total Reward,Counter UP,Counter DOWN,ALL,UP,DOWN,UP R,DOWN R,CORRECT,WRONG,CORRECT R,WRONG R,TP,TN,FP,FN,ACC,SEN,SPE,BAC,CM
V,30,207.44000244140625,210.72999572753903,1.485997516106908,0,UP,UP,1.485997516106908,1.485997516106908,1,0,1,1,0,1.0,0.0,1,0,1.0,0.0,1,0,0,0,1.0,1.0,0.0,0.5,"[[0, 0], [0, 1]]"
V,31,207.3999938964844,211.01199645996093,1.64156348590798,0,UP,UP,1.64156348590798,3.127561002014888,2,0,2,2,0,1.0,0.0,2,0,1.0,0.0,2,0,0,0,1.0,1.0,0.0,0.5,"[[0, 0], [0, 2]]"
V,32,210.2899932861328,208.71199645996091,-0.8503908300690062,0,UP,DW,-0.8503908300690062,2.2771701719458814,3,0,3,3,0,1.0,0.0,2,1,0.6666666666666666,0.3333333333333333,2,0,1,0,0.6666666666666666,1.0,0.0,0.5,"[[0, 1], [0, 2]]"
V,33,211.1999969482422,204.15199584960936,-3.43712178052732,1,DW,DW,3.43712178052732,5.714291952473202,0,1,4,3,1,0.75,0.25,3,1,0.75,0.25,2,1,1,0,0.75,1.0,0.5,0.75,"[[1, 1], [0, 2]]"
V,34,213.30999755859372,198.93199768066407,-6.840424753875033,0,UP,DW,-6.840424753875033,-1.1261328014018313,1,0,5,4,1,0.8,0.2,3,2,0.6,0.4,2,1,2,0,0.6,1.0,0.3333333333333333,0.6666666666666666,"[[1, 2], [0, 2]]"
V,35,211.4499969482422,192.6439971923828,-8.993828341110179,1,DW,DW,8.993828341110179,7.867695539708348,0,1,6,4,2,0.6666666666666666,0.3333333333333333,4,2,0.6666666666666666,0.3333333333333333,2,2,2,0,0.6666666666666666,1.0,0.5,0.75,"[[2, 2], [0, 2]]"
V,36,208.80999755859372,187.23399658203124,-10.432839054082224,0,UP,DW,-10.432839054082224,-2.5651435143738768,1,0,7,5,2,0.7142857142857143,0.2857142857142857,4,3,0.5714285714285714,0.42857142857142855,2,2,3,0,0.5714285714285714,1.0,0.4,0.7,"[[2, 3], [0, 2]]"
V,37,198.7899932861328,185.94199829101564,-6.563099466291609,1,DW,DW,6.563099466291609,3.9979559519177323,0,1,8,5,3,0.625,0.375,5,3,0.625,0.375,2,3,3,0,0.625,1.0,0.5,0.75,"[[3, 3], [0, 2]]"
V,38,188.3999938964844,185.40799865722656,-1.6881079279130753,0,UP,DW,-1.6881079279130753,2.309848024004657,1,0,9,6,3,0.6666666666666666,0.3333333333333333,5,4,0.5555555555555556,0.4444444444444444,2,3,4,0,0.5555555555555556,1.0,0.42857142857142855,0.7142857142857143,"[[3, 4], [0, 2]]"
V,39,187.2100067138672,186.8239959716797,-0.30619129765722153,1,DW,DW,0.30619129765722153,2.6160393216618787,0,1,10,6,4,0.6,0.4,6,4,0.6,0.4,2,4,4,0,0.6,1.0,0.5,0.75,"[[4, 4], [0, 2]]"
V,40,180.00999450683594,188.21399841308596,4.457526891062955,1,DW,UP,-4.457526891062955,-1.841487569401076,0,2,11,6,5,0.5454545454545454,0.45454545454545453,6,5,0.5454545454545454,0.45454545454545453,2,4,4,1,0.5454545454545454,0.6666666666666666,0.5,0.5833333333333333,"[[4, 4], [1, 2]]"
V,41,181.75999450683597,188.73399963378907,3.7369307535882657,0,UP,UP,3.7369307535882657,1.8954431841871897,1,0,12,7,5,0.5833333333333334,0.4166666666666667,7,5,0.5833333333333334,0.4166666666666667,3,4,4,1,0.5833333333333334,0.75,0.5,0.625,"[[4, 4], [1, 3]]"
V,42,192.3300018310547,184.49400024414064,-4.174248173614276,1,DW,DW,4.174248173614276,6.0696913578014655,0,1,13,7,6,0.5384615384615384,0.46153846153846156,8,5,0.6153846153846154,0.38461538461538464,3,5,4,1,0.6153846153846154,0.75,0.5555555555555556,0.6527777777777778,"[[5, 4], [1, 3]]"
V,43,185.72999572753903,183.86800231933597,-1.1025270290398401,1,DW,DW,1.1025270290398401,7.172218386841306,0,2,14,7,7,0.5,0.5,9,5,0.6428571428571429,0.35714285714285715,3,6,4,1,0.6428571428571429,0.75,0.6,0.675,"[[6, 4], [1, 3]]"
V,44,194.2899932861328,179.60000305175782,-7.660857862988802,1,DW,DW,7.660857862988802,14.833076249830107,0,3,15,7,8,0.4666666666666667,0.5333333333333333,10,5,0.6666666666666666,0.3333333333333333,3,7,4,1,0.6666666666666666,0.75,0.6363636363636364,0.6931818181818181,"[[7, 4], [1, 3]]"
V,45,186.9600067138672,174.2240020751953,-6.912154568524217,1,DW,DW,6.912154568524217,21.745230818354322,0,4,16,7,9,0.4375,0.5625,11,5,0.6875,0.3125,3,8,4,1,0.6875,0.75,0.6666666666666666,0.7083333333333333,"[[8, 4], [1, 3]]"
V,46,184.3600006103516,172.51800231933595,-6.5233012865105735,1,DW,DW,6.5233012865105735,28.268532104864896,0,5,17,7,10,0.4117647058823529,0.5882352941176471,12,5,0.7058823529411765,0.29411764705882354,3,9,4,1,0.7058823529411765,0.75,0.6923076923076923,0.7211538461538461,"[[9, 4], [1, 3]]"
V,47,171.1300048828125,168.69400024414062,-1.523481896316206,1,DW,DW,1.523481896316206,29.7920140011811,0,6,18,7,11,0.3888888888888889,0.6111111111111112,13,5,0.7222222222222222,0.2777777777777778,3,10,4,1,0.7222222222222222,0.75,0.7142857142857143,0.7321428571428572,"[[10, 4], [1, 3]]"
V,48,182.6000061035156,163.7519989013672,-10.422018933265278,1,DW,DW,10.422018933265278,40.21403293444638,0,7,19,7,12,0.3684210526315789,0.631578947368421,14,5,0.7368421052631579,0.2631578947368421,3,11,4,1,0.7368421052631579,0.75,0.7333333333333333,0.7416666666666667,"[[11, 4], [1, 3]]"
V,49,172.9499969482422,158.85799865722657,-8.248018814497494,1,DW,DW,8.248018814497494,48.46205174894387,0,8,20,7,13,0.35,0.65,15,5,0.75,0.25,3,12,4,1,0.75,0.75,0.75,0.75,"[[12, 4], [1, 3]]"
V,50,160.0800018310547,157.29199829101563,-1.841631376904569,0,UP,DW,-1.841631376904569,46.620420372039305,1,0,21,8,13,0.38095238095238093,0.6190476190476191,15,6,0.7142857142857143,0.2857142857142857,3,12,5,1,0.7142857142857143,0.75,0.7058823529411765,0.7279411764705883,"[[12, 5], [1, 3]]"
V,51,175.8300018310547,151.49199829101562,-13.941780860256209,1,DW,DW,13.941780860256209,60.562201232295514,0,1,22,8,14,0.36363636363636365,0.6363636363636364,16,6,0.7272727272727273,0.2727272727272727,3,13,5,1,0.7272727272727273,0.75,0.7222222222222222,0.7361111111111112,"[[13, 5], [1, 3]]"
V,52,152.00999450683594,148.23800048828124,-2.5814118511036885,0,UP,DW,-2.5814118511036885,57.980789381191826,1,0,23,9,14,0.391304347826087,0.6086956521739131,16,7,0.6956521739130435,0.30434782608695654,3,13,6,1,0.6956521739130435,0.75,0.6842105263157895,0.7171052631578947,"[[13, 6], [1, 3]]"
V,53,157.88999938964844,147.56600036621094,-6.638728901986654,1,DW,DW,6.638728901986654,64.61951828317848,0,1,24,9,15,0.375,0.625,17,7,0.7083333333333334,0.2916666666666667,3,14,6,1,0.7083333333333334,0.75,0.7,0.725,"[[14, 6], [1, 3]]"
V,54,148.47999572753906,150.2260009765625,1.075919517284569,0,UP,UP,1.075919517284569,65.69543780046305,1,0,25,10,15,0.4,0.6,18,7,0.72,0.28,4,14,6,1,0.72,0.8,0.7,0.75,"[[14, 6], [1, 4]]"
V,55,152.25,153.552001953125,0.755173696633826,0,UP,UP,0.755173696633826,66.45061149709689,2,0,26,11,15,0.4230769230769231,0.5769230769230769,19,7,0.7307692307692307,0.2692307692307692,5,14,6,1,0.7307692307692307,0.8333333333333334,0.7,0.7666666666666666,"[[14, 6], [1, 5]]"
V,56,146.8300018310547,156.4980010986328,6.4844848784394244,0,UP,UP,6.4844848784394244,72.93509637553632,3,0,27,12,15,0.4444444444444444,0.5555555555555556,20,7,0.7407407407407407,0.25925925925925924,6,14,6,1,0.7407407407407407,0.8571428571428571,0.7,0.7785714285714285,"[[14, 6], [1, 6]]"
V,57,135.74000549316406,162.46400146484376,19.587634367324036,0,UP,UP,19.587634367324036,92.52273074286035,4,0,28,13,15,0.4642857142857143,0.5357142857142857,21,7,0.75,0.25,7,14,6,1,0.75,0.875,0.7,0.7875,"[[14, 6], [1, 7]]"
V,58,154.52999877929688,163.78200073242186,5.887188265198203,0,UP,UP,5.887188265198203,98.40991900805855,5,0,29,14,15,0.4827586206896552,0.5172413793103449,22,7,0.7586206896551724,0.2413793103448276,8,14,6,1,0.7586206896551724,0.8888888888888888,0.7,0.7944444444444444,"[[14, 6], [1, 8]]"
V,59,161.77999877929688,162.04800109863282,0.0656585000359422,0,UP,UP,0.0656585000359422,98.47557750809449,6,0,30,15,15,0.5,0.5,23,7,0.7666666666666667,0.23333333333333334,9,14,6,1,0.7666666666666667,0.9,0.7,0.8,"[[14, 6], [1, 9]]"
V,60,168.8800048828125,159.75,-5.506208324749813,1,DW,DW,5.506208324749813,103.9817858328443,0,1,31,15,16,0.4838709677419355,0.5161290322580645,24,7,0.7741935483870968,0.22580645161290322,9,15,6,1,0.7741935483870968,0.9,0.7142857142857143,0.8071428571428572,"[[15, 6], [1, 9]]"
V,61,161.55999755859375,157.80800170898436,-2.422354485211373,1,DW,DW,2.422354485211373,106.40414031805567,0,2,32,15,17,0.46875,0.53125,25,7,0.78125,0.21875,9,16,6,1,0.78125,0.9,0.7272727272727273,0.8136363636363637,"[[16, 6], [1, 9]]"
V,62,165.57000732421875,158.58200073242188,-4.3205751541177255,1,DW,DW,4.3205751541177255,110.72471547217339,0,3,33,15,18,0.45454545454545453,0.5454545454545454,26,7,0.7878787878787878,0.21212121212121213,9,17,6,1,0.7878787878787878,0.9,0.7391304347826086,0.8195652173913044,"[[17, 6], [1, 9]]"
V,63,161.1199951171875,160.0760009765625,-0.7479606332321819,1,DW,DW,0.7479606332321819,111.47267610540557,0,4,34,15,19,0.4411764705882353,0.5588235294117647,27,7,0.7941176470588235,0.20588235294117646,9,18,6,1,0.7941176470588235,0.9,0.75,0.825,"[[18, 6], [1, 9]]"
V,64,153.11000061035156,164.44200134277344,7.301215261738909,0,UP,UP,7.301215261738909,118.77389136714447,1,0,35,16,19,0.45714285714285713,0.5428571428571428,28,7,0.8,0.2,10,18,6,1,0.8,0.9090909090909091,0.75,0.8295454545454546,"[[18, 6], [1, 10]]"
V,65,157.38999938964844,167.702001953125,6.451879155896859,0,UP,UP,6.451879155896859,125.22577052304133,2,0,36,17,19,0.4722222222222222,0.5277777777777778,29,7,0.8055555555555556,0.19444444444444445,11,18,6,1,0.8055555555555556,0.9166666666666666,0.75,0.8333333333333333,"[[18, 6], [1, 11]]"
V,66,151.85000610351562,171.1300018310547,12.596736880205304,0,UP,UP,12.596736880205304,137.82250740324665,3,0,37,18,19,0.4864864864864865,0.5135135135135135,30,7,0.8108108108108109,0.1891891891891892,12,18,6,1,0.8108108108108109,0.9230769230769231,0.75,0.8365384615384616,"[[18, 6], [1, 12]]"
V,67,169.44000244140625,172.16600036621094,1.508827836122913,0,UP,UP,1.508827836122913,139.33133523936957,4,0,38,19,19,0.5,0.5,31,7,0.8157894736842105,0.18421052631578946,13,18,6,1,0.8157894736842105,0.9285714285714286,0.75,0.8392857142857143,"[[18, 6], [1, 13]]"
V,68,168.58999633789062,171.64000244140624,1.709126383396287,0,UP,UP,1.709126383396287,141.04046162276586,5,0,39,20,19,0.5128205128205128,0.48717948717948717,32,7,0.8205128205128205,0.1794871794871795,14,18,6,1,0.8205128205128205,0.9333333333333333,0.75,0.8416666666666667,"[[18, 6], [1, 14]]"
V,69,174.94000244140625,169.13600158691406,-3.417709370923416,0,UP,DW,-3.417709370923416,137.62275225184246,6,0,40,21,19,0.525,0.475,32,8,0.8,0.2,14,18,7,1,0.8,0.9333333333333333,0.72,0.8266666666666667,"[[18, 7], [1, 14]]"
V,70,173.69000244140625,168.30599975585938,-3.199776964631658,0,UP,DW,-3.199776964631658,134.4229752872108,7,0,41,22,19,0.5365853658536586,0.4634146341463415,32,9,0.7804878048780488,0.21951219512195122,14,18,8,1,0.7804878048780488,0.9333333333333333,0.6923076923076923,0.8128205128205128,"[[18, 8], [1, 14]]"
V,71,168.99000549316406,167.35199890136718,-1.069291992752282,0,UP,DW,-1.069291992752282,133.3536832944585,8,0,42,23,19,0.5476190476190477,0.4523809523809524,32,10,0.7619047619047619,0.23809523809523808,14,18,9,1,0.7619047619047619,0.9333333333333333,0.6666666666666666,0.8,"[[18, 9], [1, 14]]"
V,72,174.6199951171875,164.53399963378905,-5.875968254167993,0,UP,DW,-5.875968254167993,127.47771504029052,9,0,43,24,19,0.5581395348837209,0.4418604651162791,32,11,0.7441860465116279,0.2558139534883721,14,18,10,1,0.7441860465116279,0.9333333333333333,0.6428571428571429,0.7880952380952382,"[[18, 10], [1, 14]]"
V,73,165.9600067138672,164.65999755859374,-0.8833267671016657,0,UP,DW,-0.8833267671016657,126.59438827318886,10,0,44,25,19,0.5681818181818182,0.4318181818181818,32,12,0.7272727272727273,0.2727272727272727,14,18,11,1,0.7272727272727273,0.9333333333333333,0.6206896551724138,0.7770114942528736,"[[18, 11], [1, 14]]"
V,74,162.4199981689453,165.45199890136718,1.766765648690656,0,UP,UP,1.766765648690656,128.36115392187952,11,0,45,26,19,0.5777777777777777,0.4222222222222222,33,12,0.7333333333333333,0.26666666666666666,15,18,11,1,0.7333333333333333,0.9375,0.6206896551724138,0.7790948275862069,"[[18, 11], [1, 15]]"
V,75,169.5399932861328,165.00800170898438,-2.773110626765088,1,DW,DW,2.773110626765088,131.1342645486446,0,1,46,26,20,0.5652173913043478,0.43478260869565216,34,12,0.7391304347826086,0.2608695652173913,15,19,11,1,0.7391304347826086,0.9375,0.6333333333333333,0.7854166666666667,"[[19, 11], [1, 15]]"
V,76,164.22000122070312,166.51600036621093,1.2981239364516284,0,UP,UP,1.2981239364516284,132.43238848509623,1,0,47,27,20,0.574468085106383,0.425531914893617,35,12,0.7446808510638298,0.2553191489361702,16,19,11,1,0.7446808510638298,0.9411764705882353,0.6333333333333333,0.7872549019607843,"[[19, 11], [1, 16]]"
V,77,160.52999877929688,168.66000061035157,4.96447510924868,0,UP,UP,4.96447510924868,137.3968635943449,2,0,48,28,20,0.5833333333333334,0.4166666666666667,36,12,0.75,0.25,17,19,11,1,0.75,0.9444444444444444,0.6333333333333333,0.7888888888888889,"[[19, 11], [1, 17]]"
V,78,166.58999633789062,171.7,2.9674132747712303,0,UP,UP,2.9674132747712303,140.3642768691161,3,0,49,29,20,0.5918367346938775,0.40816326530612246,37,12,0.7551020408163265,0.24489795918367346,18,19,11,1,0.7551020408163265,0.9473684210526315,0.6333333333333333,0.7903508771929824,"[[19, 11], [1, 18]]"
V,79,166.3800048828125,174.16799926757812,4.580847551513774,0,UP,UP,4.580847551513774,144.9451244206299,4,0,50,30,20,0.6,0.4,38,12,0.76,0.24,19,19,11,1,0.76,0.95,0.6333333333333333,0.7916666666666666,"[[19, 11], [1, 19]]"
V,80,167.32000732421875,175.81799926757813,4.978885710835932,0,UP,UP,4.978885710835932,149.92401013146582,5,0,51,31,20,0.6078431372549019,0.39215686274509803,39,12,0.7647058823529411,0.23529411764705882,20,19,11,1,0.7647058823529411,0.9523809523809523,0.6333333333333333,0.7928571428571428,"[[19, 11], [1, 20]]"
V,81,171.75999450683594,176.6959991455078,2.773780156342183,0,UP,UP,2.773780156342183,152.697790287808,6,0,52,32,20,0.6153846153846154,0.38461538461538464,40,12,0.7692307692307693,0.23076923076923078,21,19,11,1,0.7692307692307693,0.9545454545454546,0.6333333333333333,0.793939393939394,"[[19, 11], [1, 21]]"
V,82,171.25,178.13399963378907,3.9198538007527435,0,UP,UP,3.9198538007527435,156.61764408856075,7,0,53,33,20,0.6226415094339622,0.37735849056603776,41,12,0.7735849056603774,0.22641509433962265,22,19,11,1,0.7735849056603774,0.9565217391304348,0.6333333333333333,0.7949275362318841,"[[19, 11], [1, 22]]"
V,83,181.7899932861328,177.53200073242186,-2.442259041183294,1,DW,DW,2.442259041183294,159.05990312974404,0,1,54,33,21,0.6111111111111112,0.3888888888888889,42,12,0.7777777777777778,0.2222222222222222,22,20,11,1,0.7777777777777778,0.9565217391304348,0.6451612903225806,0.8008415147265078,"[[20, 11], [1, 22]]"
V,84,178.72000122070312,178.33200073242188,-0.3170996450487398,0,UP,DW,-0.3170996450487398,158.74280348469532,1,0,55,34,21,0.6181818181818182,0.38181818181818183,42,13,0.7636363636363637,0.23636363636363636,22,20,12,1,0.7636363636363637,0.9565217391304348,0.625,0.7907608695652174,"[[20, 12], [1, 22]]"
V,85,175.57000732421875,180.23599853515623,2.5576243186690704,0,UP,UP,2.5576243186690704,161.30042780336439,2,0,56,35,21,0.625,0.375,43,13,0.7678571428571429,0.23214285714285715,23,20,12,1,0.7678571428571429,0.9583333333333334,0.625,0.7916666666666667,"[[20, 12], [1, 23]]"
V,86,176.14999389648438,181.7179992675781,3.0609455373389527,0,UP,UP,3.0609455373389527,164.36137334070335,3,0,57,36,21,0.631578947368421,0.3684210526315789,44,13,0.7719298245614035,0.22807017543859648,24,20,12,1,0.7719298245614035,0.96,0.625,0.7925,"[[20, 12], [1, 24]]"
V,87,178.44000244140625,181.9239990234375,1.8524750809030428,0,UP,UP,1.8524750809030428,166.2138484216064,4,0,58,37,21,0.6379310344827587,0.3620689655172414,45,13,0.7758620689655172,0.22413793103448276,25,20,12,1,0.7758620689655172,0.9615384615384616,0.625,0.7932692307692308,"[[20, 12], [1, 25]]"
V,88,178.77999877929688,181.58599853515625,1.4695266668635396,0,UP,UP,1.4695266668635396,167.68337508846994,5,0,59,38,21,0.6440677966101694,0.3559322033898305,46,13,0.7796610169491526,0.22033898305084745,26,20,12,1,0.7796610169491526,0.9629629629629629,0.625,0.7939814814814814,"[[20, 12], [1, 26]]"
V,89,182.72000122070312,181.2219970703125,-0.9198358911902644,1,DW,DW,0.9198358911902644,168.60321097966022,0,1,60,38,22,0.6333333333333333,0.36666666666666664,47,13,0.7833333333333333,0.21666666666666667,26,21,12,1,0.7833333333333333,0.9629629629629629,0.6363636363636364,0.7996632996632996,"[[21, 12], [1, 26]]"
V,90,185.08999633789065,180.9019989013672,-2.3626816788509966,1,DW,DW,2.3626816788509966,170.96589265851122,0,2,61,38,23,0.6229508196721312,0.3770491803278688,48,13,0.7868852459016393,0.21311475409836064,26,22,12,1,0.7868852459016393,0.9629629629629629,0.6470588235294118,0.8050108932461874,"[[22, 12], [1, 26]]"
V,91,183.55999755859372,182.46600036621092,-0.6959888902447762,1,DW,DW,0.6959888902447762,171.66188154875599,0,3,62,38,24,0.6129032258064516,0.3870967741935484,49,13,0.7903225806451613,0.20967741935483872,26,23,12,1,0.7903225806451613,0.9629629629629629,0.6571428571428571,0.81005291005291,"[[23, 12], [1, 26]]"
V,92,179.47000122070312,184.44400024414065,2.671493279994313,0,UP,UP,2.671493279994313,174.3333748287503,1,0,63,39,24,0.6190476190476191,0.38095238095238093,50,13,0.7936507936507936,0.20634920634920634,27,23,12,1,0.7936507936507936,0.9642857142857143,0.6571428571428571,0.8107142857142857,"[[23, 12], [1, 27]]"
V,93,177.08999633789062,187.7980010986328,5.946645763271207,0,UP,UP,5.946645763271207,180.28002059202151,2,0,64,40,24,0.625,0.375,51,13,0.796875,0.203125,28,23,12,1,0.796875,0.9655172413793104,0.6571428571428571,0.8113300492610838,"[[23, 12], [1, 28]]"
V,94,180.8999938964844,189.74200134277345,4.787787586852379,0,UP,UP,4.787787586852379,185.0678081788739,3,0,65,41,24,0.6307692307692307,0.36923076923076925,52,13,0.8,0.2,29,23,12,1,0.8,0.9666666666666667,0.6571428571428571,0.8119047619047619,"[[23, 12], [1, 29]]"
V,95,183.4900054931641,191.21600036621092,4.110580762849626,0,UP,UP,4.110580762849626,189.1783889417235,4,0,66,42,24,0.6363636363636364,0.36363636363636365,53,13,0.803030303030303,0.19696969696969696,30,23,12,1,0.803030303030303,0.967741935483871,0.6571428571428571,0.812442396313364,"[[23, 12], [1, 30]]"
V,96,191.3800048828125,191.58399963378903,0.006591465028686891,1,DW,UP,-0.006591465028686891,189.17179747669482,0,1,67,42,25,0.6268656716417911,0.373134328358209,53,14,0.7910447761194029,0.208955223880597,30,23,12,2,0.7910447761194029,0.9375,0.6571428571428571,0.7973214285714285,"[[23, 12], [2, 30]]"
V,97,189.3600006103516,192.2760009765625,1.439924142803119,0,UP,UP,1.439924142803119,190.61172161949793,1,0,68,43,25,0.6323529411764706,0.36764705882352944,54,14,0.7941176470588235,0.20588235294117646,31,23,12,2,0.7941176470588235,0.9393939393939394,0.6571428571428571,0.7982683982683982,"[[23, 12], [2, 31]]"
V,98,193.8600006103516,192.3559997558594,-0.8758180386655104,0,UP,DW,-0.8758180386655104,189.73590358083243,2,0,69,44,25,0.6376811594202898,0.36231884057971014,54,15,0.782608695652174,0.21739130434782608,31,23,13,2,0.782608695652174,0.9393939393939394,0.6388888888888888,0.7891414141414141,"[[23, 13], [2, 31]]"
V,99,190.6199951171875,193.28000183105468,1.295449995805468,0,UP,UP,1.295449995805468,191.03135357663788,3,0,70,45,25,0.6428571428571429,0.35714285714285715,55,15,0.7857142857142857,0.21428571428571427,32,23,13,2,0.7857142857142857,0.9411764705882353,0.6388888888888888,0.7900326797385621,"[[23, 13], [2, 32]]"
V,100,190.8600006103516,193.9780029296875,1.533659388748233,1,DW,UP,-1.533659388748233,189.49769418788966,0,1,71,45,26,0.6338028169014085,0.36619718309859156,55,16,0.7746478873239436,0.22535211267605634,32,23,13,3,0.7746478873239436,0.9142857142857143,0.6388888888888888,0.7765873015873015,"[[23, 13], [3, 32]]"
V,101,193.22000122070312,194.6060028076172,0.6173178646919268,1,DW,UP,-0.6173178646919268,188.88037632319774,0,2,72,45,27,0.625,0.375,55,17,0.7638888888888888,0.2361111111111111,32,23,13,4,0.7638888888888888,0.8888888888888888,0.6388888888888888,0.7638888888888888,"[[23, 13], [4, 32]]"
V,102,192.82000732421875,195.4160003662109,1.2463297082170184,1,DW,UP,-1.2463297082170184,187.63404661498072,0,3,73,45,28,0.6164383561643836,0.3835616438356164,55,18,0.7534246575342466,0.2465753424657534,32,23,13,5,0.7534246575342466,0.8648648648648649,0.6388888888888888,0.7518768768768769,"[[23, 13], [5, 32]]"
V,103,194.25999450683597,195.29200134277343,0.4312503166477637,0,UP,UP,0.4312503166477637,188.0652969316285,1,0,74,46,28,0.6216216216216216,0.3783783783783784,56,18,0.7567567567567568,0.24324324324324326,33,23,13,5,0.7567567567567568,0.868421052631579,0.6388888888888888,0.7536549707602339,"[[23, 13], [5, 33]]"
V,104,195.2400054931641,196.1660003662109,0.37428541640729307,0,UP,UP,0.37428541640729307,188.4395823480358,2,0,75,47,28,0.6266666666666667,0.37333333333333335,57,18,0.76,0.24,34,23,13,5,0.76,0.8717948717948718,0.6388888888888888,0.7553418803418803,"[[23, 13], [5, 34]]"
V,105,194.3500061035156,197.21600036621092,1.3746561217851592,0,UP,UP,1.3746561217851592,189.81423846982096,3,0,76,48,28,0.631578947368421,0.3684210526315789,58,18,0.7631578947368421,0.23684210526315788,35,23,13,5,0.7631578947368421,0.875,0.6388888888888888,0.7569444444444444,"[[23, 13], [5, 35]]"
V,106,196.3600006103516,197.7600006103516,0.6129761640091387,0,UP,UP,0.6129761640091387,190.4272146338301,4,0,77,49,28,0.6363636363636364,0.36363636363636365,59,18,0.7662337662337663,0.23376623376623376,36,23,13,5,0.7662337662337663,0.8780487804878049,0.6388888888888888,0.7584688346883468,"[[23, 13], [5, 36]]"
V,107,196.8699951171875,198.48200073242188,0.718817318644636,0,UP,UP,0.718817318644636,191.14603195247471,5,0,78,50,28,0.6410256410256411,0.358974358974359,60,18,0.7692307692307693,0.23076923076923078,37,23,13,5,0.7692307692307693,0.8809523809523809,0.6388888888888888,0.7599206349206349,"[[23, 13], [5, 37]]"
V,108,193.63999938964844,197.53000183105468,1.9088837294296077,0,UP,UP,1.9088837294296077,193.05491568190433,6,0,79,51,28,0.6455696202531646,0.35443037974683544,61,18,0.7721518987341772,0.22784810126582278,38,23,13,5,0.7721518987341772,0.8837209302325582,0.6388888888888888,0.7613049095607235,"[[23, 13], [5, 38]]"
V,109,199.6100006103516,196.06000061035155,-1.878468007186566,0,UP,DW,-1.878468007186566,191.17644767471776,7,0,80,52,28,0.65,0.35,61,19,0.7625,0.2375,38,23,14,5,0.7625,0.8837209302325582,0.6216216216216216,0.7526712759270899,"[[23, 14], [5, 38]]"
V,110,199.6000061035156,194.4919982910156,-2.659122072296388,0,UP,DW,-2.659122072296388,188.51732560242138,8,0,81,53,28,0.654320987654321,0.345679012345679,61,20,0.7530864197530864,0.24691358024691357,38,23,15,5,0.7530864197530864,0.8837209302325582,0.6052631578947368,0.7444920440636476,"[[23, 15], [5, 38]]"
V,111,199.0800018310547,193.2519989013672,-3.0274677898754088,1,DW,DW,3.0274677898754088,191.54479339229678,0,1,82,53,29,0.6463414634146342,0.35365853658536583,62,20,0.7560975609756098,0.24390243902439024,38,24,15,5,0.7560975609756098,0.8837209302325582,0.6153846153846154,0.7495527728085868,"[[24, 15], [5, 38]]"
V,112,200.47999572753903,191.8679992675781,-4.395688668940826,1,DW,DW,4.395688668940826,195.94048206123762,0,2,83,53,30,0.6385542168674698,0.3614457831325301,63,20,0.7590361445783133,0.24096385542168675,38,25,15,5,0.7590361445783133,0.8837209302325582,0.625,0.7543604651162791,"[[25, 15], [5, 38]]"
V,113,188.8800048828125,192.8739990234375,2.014566940583792,0,UP,UP,2.014566940583792,197.9550490018214,1,0,84,54,30,0.6428571428571429,0.35714285714285715,64,20,0.7619047619047619,0.23809523809523808,39,25,15,5,0.7619047619047619,0.8863636363636364,0.625,0.7556818181818181,"[[25, 15], [5, 39]]"
V,114,192.25999450683597,192.86199951171875,0.2131202653089682,0,UP,UP,0.2131202653089682,198.16816926713037,2,0,85,55,30,0.6470588235294118,0.35294117647058826,65,20,0.7647058823529411,0.23529411764705882,40,25,15,5,0.7647058823529411,0.8888888888888888,0.625,0.7569444444444444,"[[25, 15], [5, 40]]"
V,115,191.75999450683597,193.502001953125,0.8084311098199116,0,UP,UP,0.8084311098199116,198.97660037695027,3,0,86,56,30,0.6511627906976745,0.3488372093023256,66,20,0.7674418604651163,0.23255813953488372,41,25,15,5,0.7674418604651163,0.8913043478260869,0.625,0.7581521739130435,"[[25, 15], [5, 41]]"
V,116,192.8800048828125,194.52000122070316,0.7502676775060453,0,UP,UP,0.7502676775060453,199.72686805445633,4,0,87,57,30,0.6551724137931034,0.3448275862068966,67,20,0.7701149425287356,0.22988505747126436,42,25,15,5,0.7701149425287356,0.8936170212765957,0.625,0.7593085106382979,"[[25, 15], [5, 42]]"
V,117,193.55999755859372,194.09000244140623,0.1738194304079099,0,UP,UP,0.1738194304079099,199.90068748486425,5,0,88,58,30,0.6590909090909091,0.3409090909090909,68,20,0.7727272727272727,0.22727272727272727,43,25,15,5,0.7727272727272727,0.8958333333333334,0.625,0.7604166666666667,"[[25, 15], [5, 43]]"
V,118,193.91000366210935,194.1040008544922,4.4963498049499506e-05,1,DW,UP,-4.4963498049499506e-05,199.9006425213662,0,1,89,58,31,0.651685393258427,0.34831460674157305,68,21,0.7640449438202247,0.23595505617977527,43,25,15,6,0.7640449438202247,0.8775510204081632,0.625,0.7512755102040816,"[[25, 15], [6, 43]]"
V,119,192.1999969482422,193.51800231933595,0.5857468220713287,0,UP,UP,0.5857468220713287,200.4863893434375,1,0,90,59,31,0.6555555555555556,0.34444444444444444,69,21,0.7666666666666667,0.23333333333333334,44,25,15,6,0.7666666666666667,0.88,0.625,0.7525,"[[25, 15], [6, 44]]"
V,120,194.9600067138672,192.802001953125,-1.2068961255778887,1,DW,DW,1.2068961255778887,201.6932854690154,0,1,91,59,32,0.6483516483516484,0.3516483516483517,70,21,0.7692307692307693,0.23076923076923078,44,26,15,6,0.7692307692307693,0.88,0.6341463414634146,0.7570731707317073,"[[26, 15], [6, 44]]"
V,121,197.97000122070312,191.84200134277344,-3.195418417004502,1,DW,DW,3.195418417004502,204.8887038860199,0,2,92,59,33,0.6413043478260869,0.358695652173913,71,21,0.7717391304347826,0.22826086956521738,44,27,15,6,0.7717391304347826,0.88,0.6428571428571429,0.7614285714285715,"[[27, 15], [6, 44]]"
V,122,191.41000366210935,192.31600036621091,0.37332777115500104,0,UP,UP,0.37332777115500104,205.2620316571749,1,0,93,60,33,0.6451612903225806,0.3548387096774194,72,21,0.7741935483870968,0.22580645161290322,45,27,15,6,0.7741935483870968,0.8823529411764706,0.6428571428571429,0.7626050420168067,"[[27, 15], [6, 45]]"
V,123,193.97999572753903,192.65400085449215,-0.7835729983772914,0,UP,DW,-0.7835729983772914,204.47845865879762,2,0,94,61,33,0.648936170212766,0.35106382978723405,72,22,0.7659574468085106,0.23404255319148937,45,27,16,6,0.7659574468085106,0.8823529411764706,0.627906976744186,0.7551299589603283,"[[27, 16], [6, 45]]"
V,124,189.2700042724609,194.3519989013672,2.5850502003426445,0,UP,UP,2.5850502003426445,207.06350885914026,3,0,95,62,33,0.6526315789473685,0.3473684210526316,73,22,0.7684210526315789,0.23157894736842105,46,27,16,6,0.7684210526315789,0.8846153846153846,0.627906976744186,0.7562611806797853,"[[27, 16], [6, 46]]"
V,125,191.3800048828125,194.91599731445316,1.7476289797389368,0,UP,UP,1.7476289797389368,208.8111378388792,4,0,96,63,33,0.65625,0.34375,74,22,0.7708333333333334,0.22916666666666666,47,27,16,6,0.7708333333333334,0.8867924528301887,0.627906976744186,0.7573497147871874,"[[27, 16], [6, 47]]"
V,126,193.1699981689453,195.2959991455078,1.0005854929413553,0,UP,UP,1.0005854929413553,209.81172333182056,5,0,97,64,33,0.6597938144329897,0.3402061855670103,75,22,0.7731958762886598,0.2268041237113402,48,27,16,6,0.7731958762886598,0.8888888888888888,0.627906976744186,0.7583979328165374,"[[27, 16], [6, 48]]"
V,127,193.77999877929688,194.98200073242188,0.5202920635240635,0,UP,UP,0.5202920635240635,210.33201539534463,6,0,98,65,33,0.6632653061224489,0.336734693877551,76,22,0.7755102040816326,0.22448979591836735,49,27,16,6,0.7755102040816326,0.8909090909090909,0.627906976744186,0.7594080338266385,"[[27, 16], [6, 49]]"
V,128,195.6699981689453,194.3580017089844,-0.7705148833436049,0,UP,DW,-0.7705148833436049,209.56150051200103,7,0,99,66,33,0.6666666666666666,0.3333333333333333,76,23,0.7676767676767676,0.23232323232323232,49,27,17,6,0.7676767676767676,0.8909090909090909,0.6136363636363636,0.7522727272727272,"[[27, 17], [6, 49]]"
V,129,197.75999450683597,192.61000366210936,-2.704162109515307,1,DW,DW,2.704162109515307,212.26566262151633,0,1,100,66,34,0.66,0.34,77,23,0.77,0.23,49,28,17,6,0.77,0.8909090909090909,0.6222222222222222,0.7565656565656566,"[[28, 17], [6, 49]]"
V,130,194.1999969482422,192.43600463867188,-1.0083379697685826,0,UP,DW,-1.0083379697685826,211.25732465174775,1,0,101,67,34,0.6633663366336634,0.33663366336633666,77,24,0.7623762376237624,0.2376237623762376,49,28,18,6,0.7623762376237624,0.8909090909090909,0.6086956521739131,0.749802371541502,"[[28, 18], [6, 49]]"
V,131,195.07000732421875,192.73200378417968,-1.2985458821217748,1,DW,DW,1.2985458821217748,212.55587053386952,0,1,102,67,35,0.6568627450980392,0.3431372549019608,78,24,0.7647058823529411,0.23529411764705882,49,29,18,6,0.7647058823529411,0.8909090909090909,0.6170212765957447,0.7539651837524177,"[[29, 18], [6, 49]]"
V,132,192.2100067138672,192.99000244140623,0.3058039125404183,1,DW,UP,-0.3058039125404183,212.2500666213291,0,2,103,67,36,0.6504854368932039,0.34951456310679613,78,25,0.7572815533980582,0.24271844660194175,49,29,18,7,0.7572815533980582,0.875,0.6170212765957447,0.7460106382978724,"[[29, 18], [7, 49]]"
V,133,192.5500030517578,193.4980010986328,0.39233862988834967,1,DW,UP,-0.39233862988834967,211.85772799144075,0,3,104,67,37,0.6442307692307693,0.3557692307692308,78,26,0.75,0.25,49,29,18,8,0.75,0.8596491228070176,0.6170212765957447,0.7383351997013812,"[[29, 18], [8, 49]]"
V,134,189.0200042724609,195.38800048828125,3.2689535879182556,0,UP,UP,3.2689535879182556,215.126681579359,1,0,105,68,37,0.6476190476190476,0.3523809523809524,79,26,0.7523809523809524,0.24761904761904763,50,29,18,8,0.7523809523809524,0.8620689655172413,0.6170212765957447,0.739545121056493,"[[29, 18], [8, 50]]"
V,135,193.3300018310547,196.0179992675781,1.2903674603346833,0,UP,UP,1.2903674603346833,216.4170490396937,2,0,106,69,37,0.6509433962264151,0.3490566037735849,80,26,0.7547169811320755,0.24528301886792453,51,29,18,8,0.7547169811320755,0.864406779661017,0.6170212765957447,0.7407140281283808,"[[29, 18], [8, 51]]"
V,136,196.5500030517578,196.4799987792969,-0.1356165206685418,1,DW,DW,0.1356165206685418,216.55266556036224,0,1,107,69,38,0.6448598130841121,0.35514018691588783,81,26,0.7570093457943925,0.24299065420560748,51,30,18,8,0.7570093457943925,0.864406779661017,0.625,0.7447033898305084,"[[30, 18], [8, 51]]"
V,137,193.5,197.26599731445316,1.846251842094641,0,UP,UP,1.846251842094641,218.39891740245687,1,0,108,70,38,0.6481481481481481,0.35185185185185186,82,26,0.7592592592592593,0.24074074074074073,52,30,18,8,0.7592592592592593,0.8666666666666667,0.625,0.7458333333333333,"[[30, 18], [8, 52]]"
V,138,195.08999633789065,197.2779968261719,1.0215339224732483,0,UP,UP,1.0215339224732483,219.42045132493013,2,0,109,71,38,0.6513761467889908,0.3486238532110092,83,26,0.7614678899082569,0.23853211009174313,53,30,18,8,0.7614678899082569,0.8688524590163934,0.625,0.7469262295081966,"[[30, 18], [8, 53]]"
V,139,198.47000122070312,196.96599731445312,-0.857799111704302,1,DW,DW,0.857799111704302,220.27825043663444,0,1,110,71,39,0.6454545454545455,0.35454545454545455,84,26,0.7636363636363637,0.23636363636363636,53,31,18,8,0.7636363636363637,0.8688524590163934,0.6326530612244898,0.7507527601204416,"[[31, 18], [8, 53]]"
V,140,196.47999572753903,197.0179992675781,0.1738210259252612,1,DW,UP,-0.1738210259252612,220.10442941070917,0,2,111,71,40,0.6396396396396397,0.36036036036036034,84,27,0.7567567567567568,0.24324324324324326,53,31,18,9,0.7567567567567568,0.8548387096774194,0.6326530612244898,0.7437458854509547,"[[31, 18], [9, 53]]"
V,141,198.8600006103516,196.96199951171877,-1.0544408593017065,1,DW,DW,1.0544408593017065,221.15887027001088,0,3,112,71,41,0.6339285714285714,0.36607142857142855,85,27,0.7589285714285714,0.24107142857142858,53,32,18,9,0.7589285714285714,0.8548387096774194,0.64,0.7474193548387097,"[[32, 18], [9, 53]]"
V,142,197.42999267578125,196.28800048828128,-0.6784289266400214,0,UP,DW,-0.6784289266400214,220.48044134337087,1,0,113,72,41,0.6371681415929203,0.36283185840707965,85,28,0.7522123893805309,0.24778761061946902,53,32,19,9,0.7522123893805309,0.8548387096774194,0.6274509803921569,0.7411448450347882,"[[32, 19], [9, 53]]"
V,143,195.1499938964844,195.33800048828124,-0.0036604674983541086,0,UP,DW,-0.0036604674983541086,220.47678087587252,2,0,114,73,41,0.6403508771929824,0.35964912280701755,85,29,0.7456140350877193,0.2543859649122807,53,32,20,9,0.7456140350877193,0.8548387096774194,0.6153846153846154,0.7351116625310175,"[[32, 20], [9, 53]]"
V,144,196.91000366210935,194.09400024414063,-1.5300966764496673,0,UP,DW,-1.5300966764496673,218.94668419942286,3,0,115,74,41,0.6434782608695652,0.3565217391304348,85,30,0.7391304347826086,0.2608695652173913,53,32,21,9,0.7391304347826086,0.8548387096774194,0.6037735849056604,0.7293061472915399,"[[32, 21], [9, 53]]"
V,145,196.7400054931641,193.2039978027344,-1.89729978230206,0,UP,DW,-1.89729978230206,217.0493844171208,4,0,116,75,41,0.646551724137931,0.35344827586206895,85,31,0.7327586206896551,0.2672413793103448,53,32,22,9,0.7327586206896551,0.8548387096774194,0.5925925925925926,0.723715651135006,"[[32, 22], [9, 53]]"
V,146,198.5800018310547,192.70799865722657,-3.056996233096939,1,DW,DW,3.056996233096939,220.10638065021772,0,1,117,75,42,0.6410256410256411,0.358974358974359,86,31,0.7350427350427351,0.26495726495726496,53,33,22,9,0.7350427350427351,0.8548387096774194,0.6,0.7274193548387097,"[[33, 22], [9, 53]]"
V,147,194.05999755859372,193.65,-0.31127360803452087,0,UP,DW,-0.31127360803452087,219.7951070421832,1,0,118,76,42,0.6440677966101694,0.3559322033898305,86,32,0.7288135593220338,0.2711864406779661,53,33,23,9,0.7288135593220338,0.8548387096774194,0.5892857142857143,0.7220622119815668,"[[33, 23], [9, 53]]"
V,148,190.3999938964844,194.84200134277344,2.232987178930307,0,UP,UP,2.232987178930307,222.0280942211135,2,0,119,77,42,0.6470588235294118,0.35294117647058826,87,32,0.7310924369747899,0.2689075630252101,54,33,23,9,0.7310924369747899,0.8571428571428571,0.5892857142857143,0.7232142857142857,"[[33, 23], [9, 54]]"
V,149,190.69000244140625,196.06199951171877,2.717136190431984,1,DW,UP,-2.717136190431984,219.31095803068152,0,1,120,77,43,0.6416666666666667,0.35833333333333334,87,33,0.725,0.275,54,33,23,10,0.725,0.84375,0.5892857142857143,0.7165178571428572,"[[33, 23], [10, 54]]"
V,150,192.2899932861328,197.1580017089844,2.4315973752247437,1,DW,UP,-2.4315973752247437,216.87936065545676,0,2,121,77,44,0.6363636363636364,0.36363636363636365,87,34,0.71900826446281,0.2809917355371901,54,33,23,11,0.71900826446281,0.8307692307692308,0.5892857142857143,0.7100274725274726,"[[33, 23], [11, 54]]"
V,151,196.1000061035156,197.68600158691407,0.7087687068001655,0,UP,UP,0.7087687068001655,217.58812936225692,1,0,122,78,44,0.639344262295082,0.36065573770491804,88,34,0.7213114754098361,0.2786885245901639,55,33,23,11,0.7213114754098361,0.8333333333333334,0.5892857142857143,0.7113095238095238,"[[33, 23], [11, 55]]"
V,152,198.7700042724609,197.4480010986328,-0.7650918878162425,1,DW,DW,0.7650918878162425,218.35322125007318,0,1,123,78,45,0.6341463414634146,0.36585365853658536,89,34,0.7235772357723578,0.2764227642276423,55,34,23,11,0.7235772357723578,0.8333333333333334,0.5964912280701754,0.7149122807017544,"[[34, 23], [11, 55]]"
V,153,196.3600006103516,197.50400085449215,0.48260350406634966,1,DW,UP,-0.48260350406634966,217.87061774600681,0,2,124,78,46,0.6290322580645161,0.3709677419354839,89,35,0.717741935483871,0.28225806451612906,55,34,23,12,0.717741935483871,0.8208955223880597,0.5964912280701754,0.7086933752291176,"[[34, 23], [12, 55]]"
V,154,196.7899932861328,198.03200073242184,0.5311334359787143,1,DW,UP,-0.5311334359787143,217.3394843100281,0,3,125,78,47,0.624,0.376,89,36,0.712,0.288,55,34,23,13,0.712,0.8088235294117647,0.5964912280701754,0.70265737874097,"[[34, 23], [13, 55]]"
V,155,197.7700042724609,198.27999877929688,0.15787252658059078,0,UP,UP,0.15787252658059078,217.4973568366087,1,0,126,79,47,0.626984126984127,0.373015873015873,90,36,0.7142857142857143,0.2857142857142857,56,34,23,13,0.7142857142857143,0.8115942028985508,0.5964912280701754,0.7040427154843631,"[[34, 23], [13, 56]]"
V,156,198.7400054931641,198.7299987792969,-0.1050350777853546,1,DW,DW,0.1050350777853546,217.60239191439405,0,1,127,79,48,0.6220472440944882,0.3779527559055118,91,36,0.7165354330708661,0.28346456692913385,56,35,23,13,0.7165354330708661,0.8115942028985508,0.603448275862069,0.7075212393803099,"[[35, 23], [13, 56]]"
V,157,197.5800018310547,200.0439971923828,1.147087427114727,1,DW,UP,-1.147087427114727,216.4553044872793,0,2,128,79,49,0.6171875,0.3828125,91,37,0.7109375,0.2890625,56,35,23,14,0.7109375,0.8,0.603448275862069,0.7017241379310345,"[[35, 23], [14, 56]]"
V,158,196.63999938964844,201.54199829101563,2.3928798395964828,0,UP,UP,2.3928798395964828,218.84818432687578,1,0,129,80,49,0.6201550387596899,0.3798449612403101,92,37,0.7131782945736435,0.2868217054263566,57,35,23,14,0.7131782945736435,0.8028169014084507,0.603448275862069,0.7031325886352598,"[[35, 23], [14, 57]]"
V,159,199.42999267578125,202.9380004882813,1.6590171696004998,0,UP,UP,1.6590171696004998,220.50720149647628,2,0,130,81,49,0.6230769230769231,0.3769230769230769,93,37,0.7153846153846154,0.2846153846153846,58,35,23,14,0.7153846153846154,0.8055555555555556,0.603448275862069,0.7045019157088123,"[[35, 23], [14, 58]]"
V,160,199.00999450683597,204.7560028076172,2.7872963466083016,0,UP,UP,2.7872963466083016,223.2944978430846,3,0,131,82,49,0.6259541984732825,0.37404580152671757,94,37,0.7175572519083969,0.2824427480916031,59,35,23,14,0.7175572519083969,0.8082191780821918,0.603448275862069,0.7058337269721304,"[[35, 23], [14, 59]]"
V,161,200.9900054931641,206.6100006103516,2.696156507084947,0,UP,UP,2.696156507084947,225.99065435016954,4,0,132,83,49,0.6287878787878788,0.3712121212121212,95,37,0.7196969696969697,0.2803030303030303,60,35,23,14,0.7196969696969697,0.8108108108108109,0.603448275862069,0.70712954333644,"[[35, 23], [14, 60]]"
V,162,204.1499938964844,207.98600158691409,1.7790143546978283,0,UP,UP,1.7790143546978283,227.76966870486737,5,0,133,84,49,0.631578947368421,0.3684210526315789,96,37,0.7218045112781954,0.2781954887218045,61,35,23,14,0.7218045112781954,0.8133333333333334,0.603448275862069,0.7083908045977012,"[[35, 23], [14, 61]]"
V,163,204.1300048828125,210.302001953125,2.9235619079398623,0,UP,UP,2.9235619079398623,230.69323061280724,6,0,134,85,49,0.6343283582089553,0.3656716417910448,97,37,0.7238805970149254,0.27611940298507465,62,35,23,14,0.7238805970149254,0.8157894736842105,0.603448275862069,0.7096188747731398,"[[35, 23], [14, 62]]"
V,164,206.41000366210935,211.41800231933595,2.3262383452231234,0,UP,UP,2.3262383452231234,233.01946895803036,7,0,135,86,49,0.6370370370370371,0.362962962962963,98,37,0.725925925925926,0.2740740740740741,63,35,23,14,0.725925925925926,0.8181818181818182,0.603448275862069,0.7108150470219436,"[[35, 23], [14, 63]]"
V,165,208.1000061035156,212.46800231933597,1.9989889897684727,1,DW,UP,-1.9989889897684727,231.0204799682619,0,1,136,86,50,0.6323529411764706,0.36764705882352944,98,38,0.7205882352941176,0.27941176470588236,63,35,23,15,0.7205882352941176,0.8076923076923077,0.603448275862069,0.7055702917771883,"[[35, 23], [15, 63]]"
V,166,210.25999450683597,213.71200256347657,1.5417807223562945,1,DW,UP,-1.5417807223562945,229.4786992459056,0,2,137,86,51,0.6277372262773723,0.3722627737226277,98,39,0.7153284671532847,0.2846715328467153,63,35,23,16,0.7153284671532847,0.7974683544303798,0.603448275862069,0.7004583151462244,"[[35, 23], [16, 63]]"
V,167,211.02999877929688,213.29800415039065,0.9747312629545696,1,DW,UP,-0.9747312629545696,228.50396798295102,0,3,138,86,52,0.6231884057971014,0.37681159420289856,98,40,0.7101449275362319,0.2898550724637681,63,35,23,17,0.7101449275362319,0.7875,0.603448275862069,0.6954741379310345,"[[35, 23], [17, 63]]"
V,168,215.7100067138672,211.08800354003907,-2.242692981303861,1,DW,DW,2.242692981303861,230.7466609642549,0,4,139,86,53,0.6187050359712231,0.381294964028777,99,40,0.7122302158273381,0.28776978417266186,63,36,23,17,0.7122302158273381,0.7875,0.6101694915254238,0.6988347457627119,"[[36, 23], [17, 63]]"
V,169,211.9900054931641,208.71400146484376,-1.6453577732115965,1,DW,DW,1.6453577732115965,232.3920187374665,0,5,140,86,54,0.6142857142857143,0.38571428571428573,100,40,0.7142857142857143,0.2857142857142857,63,37,23,17,0.7142857142857143,0.7875,0.6166666666666667,0.7020833333333334,"[[37, 23], [17, 63]]"
V,170,213.3500061035156,206.8559997558594,-3.143827589348838,1,DW,DW,3.143827589348838,235.53584632681532,0,6,141,86,55,0.6099290780141844,0.3900709219858156,101,40,0.7163120567375887,0.28368794326241137,63,38,23,17,0.7163120567375887,0.7875,0.6229508196721312,0.7052254098360655,"[[38, 23], [17, 63]]"
V,171,216.47999572753903,203.8679992675781,-5.9259408300406475,1,DW,DW,5.9259408300406475,241.46178715685596,0,7,142,86,56,0.6056338028169014,0.39436619718309857,102,40,0.7183098591549296,0.28169014084507044,63,39,23,17,0.7183098591549296,0.7875,0.6290322580645161,0.708266129032258,"[[39, 23], [17, 63]]"
V,172,208.9600067138672,202.21199645996091,-3.32933099018628,1,DW,DW,3.32933099018628,244.79111814704225,0,8,143,86,57,0.6013986013986014,0.3986013986013986,103,40,0.7202797202797203,0.27972027972027974,63,40,23,17,0.7202797202797203,0.7875,0.6349206349206349,0.7112103174603175,"[[40, 23], [17, 63]]"
V,173,204.66000366210935,202.27599487304687,-1.2648630638150817,1,DW,DW,1.2648630638150817,246.05598121085734,0,9,144,86,58,0.5972222222222222,0.4027777777777778,104,40,0.7222222222222222,0.2777777777777778,63,41,23,17,0.7222222222222222,0.7875,0.640625,0.7140625,"[[41, 23], [17, 63]]"
V,174,200.1199951171875,203.32999572753903,1.50403792158391,0,UP,UP,1.50403792158391,247.56001913244125,1,0,145,87,58,0.6,0.4,105,40,0.7241379310344828,0.27586206896551724,64,41,23,17,0.7241379310344828,0.7901234567901234,0.640625,0.7153742283950617,"[[41, 23], [17, 64]]"
V,175,204.05999755859372,203.5439971923828,-0.35286698636893177,1,DW,DW,0.35286698636893177,247.91288611881018,0,1,146,87,59,0.5958904109589042,0.4041095890410959,106,40,0.726027397260274,0.273972602739726,64,42,23,17,0.726027397260274,0.7901234567901234,0.6461538461538462,0.7181386514719847,"[[42, 23], [17, 64]]"
V,176,201.5399932861328,204.28999938964844,1.264496474707806,0,UP,UP,1.264496474707806,249.177382593518,1,0,147,88,59,0.5986394557823129,0.4013605442176871,107,40,0.7278911564625851,0.272108843537415,65,42,23,17,0.7278911564625851,0.7926829268292683,0.6461538461538462,0.7194183864915573,"[[42, 23], [17, 65]]"
V,177,200.67999267578125,204.6760009765625,1.8912340276178947,0,UP,UP,1.8912340276178947,251.06861662113587,2,0,148,89,59,0.6013513513513513,0.39864864864864863,108,40,0.7297297297297297,0.2702702702702703,66,42,23,17,0.7297297297297297,0.7951807228915663,0.6461538461538462,0.7206672845227062,"[[42, 23], [17, 66]]"
V,178,204.97999572753903,203.1700012207031,-0.9830103154269781,0,UP,DW,-0.9830103154269781,250.0856063057089,3,0,149,90,59,0.6040268456375839,0.3959731543624161,108,41,0.7248322147651006,0.2751677852348993,66,42,24,17,0.7248322147651006,0.7951807228915663,0.6363636363636364,0.7157721796276013,"[[42, 24], [17, 66]]"
V,179,205.38999938964844,202.2040008544922,-1.6511945784234796,1,DW,DW,1.6511945784234796,251.73680088413238,0,1,150,90,60,0.6,0.4,109,41,0.7266666666666667,0.2733333333333333,66,43,24,17,0.7266666666666667,0.7951807228915663,0.6417910447761194,0.7184858838338428,"[[43, 24], [17, 66]]"
V,180,205.1300048828125,200.2519989013672,-2.478007051787494,1,DW,DW,2.478007051787494,254.21480793591988,0,2,151,90,61,0.5960264900662252,0.40397350993377484,110,41,0.7284768211920529,0.271523178807947,66,44,24,17,0.7284768211920529,0.7951807228915663,0.6470588235294118,0.721119773210489,"[[44, 24], [17, 66]]"
V,181,205.2700042724609,198.3019989013672,-3.494556060828498,0,UP,DW,-3.494556060828498,250.72025187509138,1,0,152,91,61,0.5986842105263158,0.40131578947368424,110,42,0.7236842105263158,0.27631578947368424,66,44,25,17,0.7236842105263158,0.7951807228915663,0.6376811594202898,0.716430941155928,"[[44, 25], [17, 66]]"
V,182,202.6100006103516,197.2299987792969,-2.7553486080883163,0,UP,DW,-2.7553486080883163,247.96490326700305,2,0,153,92,61,0.6013071895424836,0.39869281045751637,110,43,0.7189542483660131,0.28104575163398693,66,44,26,17,0.7189542483660131,0.7951807228915663,0.6285714285714286,0.7118760757314975,"[[44, 26], [17, 66]]"
V,183,197.4499969482422,197.8040008544922,0.07928787628332828,0,UP,UP,0.07928787628332828,248.04419114328638,3,0,154,93,61,0.6038961038961039,0.3961038961038961,111,43,0.7207792207792207,0.2792207792207792,67,44,26,17,0.7207792207792207,0.7976190476190477,0.6285714285714286,0.7130952380952381,"[[44, 26], [17, 67]]"
V,184,200.55999755859372,197.5800018310547,-1.5858375368041449,0,UP,DW,-1.5858375368041449,246.45835360648223,4,0,155,94,61,0.6064516129032258,0.3935483870967742,111,44,0.7161290322580646,0.2838709677419355,67,44,27,17,0.7161290322580646,0.7976190476190477,0.6197183098591549,0.7086686787391012,"[[44, 27], [17, 67]]"
V,185,195.3699951171875,198.5000030517578,1.502092446536045,0,UP,UP,1.502092446536045,247.96044605301827,5,0,156,95,61,0.6089743589743589,0.391025641025641,112,44,0.717948717948718,0.28205128205128205,68,44,27,17,0.717948717948718,0.8,0.6197183098591549,0.7098591549295774,"[[44, 27], [17, 68]]"
V,186,195.5200042724609,200.06600341796877,2.2250813452176836,1,DW,UP,-2.2250813452176836,245.73536470780058,0,1,157,95,62,0.6050955414012739,0.39490445859872614,112,45,0.7133757961783439,0.28662420382165604,68,44,27,18,0.7133757961783439,0.7906976744186046,0.6197183098591549,0.7052079921388797,"[[44, 27], [18, 68]]"
V,187,197.25,200.9080047607422,1.7545017798439484,0,UP,UP,1.7545017798439484,247.48986648764452,1,0,158,96,62,0.6075949367088608,0.3924050632911392,113,45,0.7151898734177216,0.2848101265822785,69,44,27,18,0.7151898734177216,0.7931034482758621,0.6197183098591549,0.7064108790675085,"[[44, 27], [18, 69]]"
V,188,200.32000732421875,201.552001953125,0.5150132706975503,0,UP,UP,0.5150132706975503,248.00487975834207,2,0,159,97,62,0.610062893081761,0.389937106918239,114,45,0.7169811320754716,0.2830188679245283,70,44,27,18,0.7169811320754716,0.7954545454545454,0.6197183098591549,0.7075864276568502,"[[44, 27], [18, 70]]"
V,189,199.44000244140625,201.75400085449215,1.060247886461874,0,UP,UP,1.060247886461874,249.06512764480394,3,0,160,98,62,0.6125,0.3875,115,45,0.71875,0.28125,71,44,27,18,0.71875,0.797752808988764,0.6197183098591549,0.7087355594239595,"[[44, 27], [18, 71]]"
V,190,199.97000122070312,202.25400085449215,1.0421711355936052,0,UP,UP,1.0421711355936052,250.10729878039754,4,0,161,99,62,0.6149068322981367,0.38509316770186336,116,45,0.7204968944099379,0.2795031055900621,72,44,27,18,0.7204968944099379,0.8,0.6197183098591549,0.7098591549295774,"[[44, 27], [18, 72]]"
V,191,203.3500061035156,202.17999877929688,-0.6753662597006023,1,DW,DW,0.6753662597006023,250.78266504009815,0,1,162,99,63,0.6111111111111112,0.3888888888888889,117,45,0.7222222222222222,0.2777777777777778,72,45,27,18,0.7222222222222222,0.8,0.625,0.7125,"[[45, 27], [18, 72]]"
V,192,201.4600067138672,203.21599731445312,0.7716323548424964,0,UP,UP,0.7716323548424964,251.55429739494065,1,0,163,100,63,0.6134969325153374,0.38650306748466257,118,45,0.7239263803680982,0.27607361963190186,73,45,27,18,0.7239263803680982,0.8021978021978022,0.625,0.7135989010989011,"[[45, 27], [18, 73]]"
V,193,203.5399932861328,203.78799743652343,0.02184541543242259,0,UP,UP,0.02184541543242259,251.57614281037306,2,0,164,101,63,0.6158536585365854,0.38414634146341464,119,45,0.725609756097561,0.27439024390243905,74,45,27,18,0.725609756097561,0.8043478260869565,0.625,0.7146739130434783,"[[45, 27], [18, 74]]"
V,194,200.4499969482422,204.56199951171877,1.9513856952256794,0,UP,UP,1.9513856952256794,253.52752850559872,3,0,165,102,63,0.6181818181818182,0.38181818181818183,120,45,0.7272727272727273,0.2727272727272727,75,45,27,18,0.7272727272727273,0.8064516129032258,0.625,0.7157258064516129,"[[45, 27], [18, 75]]"
V,195,202.47000122070312,204.50799865722652,0.9065676022305643,0,UP,UP,0.9065676022305643,254.43409610782928,4,0,166,103,63,0.6204819277108434,0.3795180722891566,121,45,0.7289156626506024,0.2710843373493976,76,45,27,18,0.7289156626506024,0.8085106382978723,0.625,0.7167553191489362,"[[45, 27], [18, 76]]"
V,196,202.97999572753903,203.8220001220703,0.3148213677477215,0,UP,UP,0.3148213677477215,254.748917475577,5,0,167,104,63,0.6227544910179641,0.3772455089820359,122,45,0.7305389221556886,0.2694610778443114,77,45,27,18,0.7305389221556886,0.8105263157894737,0.625,0.7177631578947368,"[[45, 27], [18, 77]]"
V,197,206.63999938964844,202.5459991455078,-2.0812235076621466,0,UP,DW,-2.0812235076621466,252.66769396791486,6,0,168,105,63,0.625,0.375,122,46,0.7261904761904762,0.27380952380952384,77,45,28,18,0.7261904761904762,0.8105263157894737,0.6164383561643836,0.7134823359769287,"[[45, 28], [18, 77]]"
V,198,206.3999938964844,200.6600006103516,-2.881004581333261,1,DW,DW,2.881004581333261,255.54869854924812,0,1,169,105,64,0.621301775147929,0.378698224852071,123,46,0.727810650887574,0.27218934911242604,77,46,28,18,0.727810650887574,0.8105263157894737,0.6216216216216216,0.7160739687055476,"[[46, 28], [18, 77]]"
V,199,204.32000732421875,199.33599853515625,-2.5393150990611426,1,DW,DW,2.5393150990611426,258.08801364830924,0,2,170,105,65,0.6176470588235294,0.38235294117647056,124,46,0.7294117647058823,0.27058823529411763,77,47,28,18,0.7294117647058823,0.8105263157894737,0.6266666666666667,0.7185964912280702,"[[47, 28], [18, 77]]"
V,200,202.1999969482422,198.58199768066407,-1.8893171721976953,0,UP,DW,-1.8893171721976953,256.19869647611154,1,0,171,106,65,0.6198830409356725,0.38011695906432746,124,47,0.7251461988304093,0.27485380116959063,77,47,29,18,0.7251461988304093,0.8105263157894737,0.618421052631579,0.7144736842105264,"[[47, 29], [18, 77]]"
V,201,199.5500030517578,198.2699981689453,-0.7414456844084876,1,DW,DW,0.7414456844084876,256.94014216052,0,1,172,106,66,0.6162790697674418,0.38372093023255816,125,47,0.7267441860465116,0.27325581395348836,77,48,29,18,0.7267441860465116,0.8105263157894737,0.6233766233766234,0.7169514695830486,"[[48, 29], [18, 77]]"
V,202,200.25999450683597,197.8199981689453,-1.3184142638670298,1,DW,DW,1.3184142638670298,258.25855642438705,0,2,173,106,67,0.6127167630057804,0.3872832369942196,126,47,0.7283236994219653,0.27167630057803466,77,49,29,18,0.7283236994219653,0.8105263157894737,0.6282051282051282,0.7193657219973009,"[[49, 29], [18, 77]]"
V,203,196.97000122070312,197.03999938964844,-0.06446252296719751,0,UP,DW,-0.06446252296719751,258.1940939014199,1,0,174,107,67,0.6149425287356322,0.3850574712643678,126,48,0.7241379310344828,0.27586206896551724,77,49,30,18,0.7241379310344828,0.8105263157894737,0.620253164556962,0.7153897401732179,"[[49, 30], [18, 77]]"
V,204,197.6999969482422,195.5119995117188,-1.2067260851279877,1,DW,DW,1.2067260851279877,259.40081998654784,0,1,175,107,68,0.6114285714285714,0.38857142857142857,127,48,0.7257142857142858,0.2742857142857143,77,50,30,18,0.7257142857142858,0.8105263157894737,0.625,0.7177631578947368,"[[50, 30], [18, 77]]"
V,205,198.42999267578125,192.0,-3.3404338623785286,1,DW,DW,3.3404338623785286,262.74125384892636,0,2,176,107,69,0.6079545454545454,0.39204545454545453,128,48,0.7272727272727273,0.2727272727272727,77,51,30,18,0.7272727272727273,0.8105263157894737,0.6296296296296297,0.7200779727095517,"[[51, 30], [18, 77]]"
V,206,197.9900054931641,189.3759979248047,-4.450728485967329,1,DW,DW,4.450728485967329,267.1919823348937,0,3,177,107,70,0.6045197740112994,0.3954802259887006,129,48,0.7288135593220338,0.2711864406779661,77,52,30,18,0.7288135593220338,0.8105263157894737,0.6341463414634146,0.7223363286264441,"[[52, 30], [18, 77]]"
V,207,198.00999450683597,186.11600036621093,-6.106764542491007,1,DW,DW,6.106764542491007,273.2987468773847,0,4,178,107,71,0.601123595505618,0.398876404494382,130,48,0.7303370786516854,0.2696629213483146,77,53,30,18,0.7303370786516854,0.8105263157894737,0.6385542168674698,0.7245402663284717,"[[53, 30], [18, 77]]"
V,208,193.07000732421875,184.45,-4.564705545767835,1,DW,DW,4.564705545767835,277.8634524231525,0,5,179,107,72,0.5977653631284916,0.4022346368715084,131,48,0.7318435754189944,0.2681564245810056,77,54,30,18,0.7318435754189944,0.8105263157894737,0.6428571428571429,0.7266917293233083,"[[54, 30], [18, 77]]"
V,209,190.05999755859372,184.1059997558594,-3.2326938225908384,1,DW,DW,3.2326938225908384,281.09614624574334,0,6,180,107,73,0.5944444444444444,0.40555555555555556,132,48,0.7333333333333333,0.26666666666666666,77,55,30,18,0.7333333333333333,0.8105263157894737,0.6470588235294118,0.7287925696594427,"[[55, 30], [18, 77]]"
V,210,180.8699951171875,186.7260009765625,3.13768785175276,0,UP,UP,3.13768785175276,284.2338340974961,1,0,181,108,73,0.5966850828729282,0.40331491712707185,133,48,0.7348066298342542,0.26519337016574585,78,55,30,18,0.7348066298342542,0.8125,0.6470588235294118,0.7297794117647058,"[[55, 30], [18, 78]]"
V,211,184.8699951171875,189.28000183105468,2.2854637476848043,0,UP,UP,2.2854637476848043,286.5192978451809,2,0,182,109,73,0.5989010989010989,0.4010989010989011,134,48,0.7362637362637363,0.26373626373626374,79,55,30,18,0.7362637362637363,0.8144329896907216,0.6470588235294118,0.7307459066100668,"[[55, 30], [18, 79]]"
V,212,181.7100067138672,192.6320007324219,5.910672838592322,0,UP,UP,5.910672838592322,292.42997068377326,3,0,183,110,73,0.6010928961748634,0.3989071038251366,135,48,0.7377049180327869,0.26229508196721313,80,55,30,18,0.7377049180327869,0.8163265306122449,0.6470588235294118,0.7316926770708283,"[[55, 30], [18, 80]]"
V,213,184.7400054931641,198.21999816894527,7.196737184670087,0,UP,UP,7.196737184670087,299.62670786844336,4,0,184,111,73,0.6032608695652174,0.3967391304347826,136,48,0.7391304347826086,0.2608695652173913,81,55,30,18,0.7391304347826086,0.8181818181818182,0.6470588235294118,0.732620320855615,"[[55, 30], [18, 81]]"
V,214,188.33999633789065,203.21399841308596,7.797420815762714,0,UP,UP,7.797420815762714,307.4241286842061,5,0,185,112,73,0.6054054054054054,0.3945945945945946,137,48,0.7405405405405405,0.2594594594594595,82,55,30,18,0.7405405405405405,0.82,0.6470588235294118,0.7335294117647059,"[[55, 30], [18, 82]]"
V,215,193.97000122070312,206.95999755859376,6.596909963469218,0,UP,UP,6.596909963469218,314.0210386476753,6,0,186,113,73,0.6075268817204301,0.3924731182795699,138,48,0.7419354838709677,0.25806451612903225,83,55,30,18,0.7419354838709677,0.8217821782178217,0.6470588235294118,0.7344205008736168,"[[55, 30], [18, 83]]"
V,216,197.63999938964844,209.0839965820313,5.690324442280995,0,UP,UP,5.690324442280995,319.7113630899563,7,0,187,114,73,0.6096256684491979,0.39037433155080214,139,48,0.7433155080213903,0.25668449197860965,84,55,30,18,0.7433155080213903,0.8235294117647058,0.6470588235294118,0.7352941176470589,"[[55, 30], [18, 84]]"
V,217,198.47000122070312,211.48599548339843,6.458167069400691,1,DW,UP,-6.458167069400691,313.2531960205556,0,1,188,114,74,0.6063829787234043,0.39361702127659576,139,49,0.7393617021276596,0.26063829787234044,84,55,30,19,0.7393617021276596,0.8155339805825242,0.6470588235294118,0.731296402055968,"[[55, 30], [19, 84]]"
V,218,212.67999267578125,211.48999633789063,-0.6595243459053067,1,DW,DW,0.6595243459053067,313.9127203664609,0,2,189,114,75,0.6031746031746031,0.3968253968253968,140,49,0.7407407407407407,0.25925925925925924,84,56,30,19,0.7407407407407407,0.8155339805825242,0.6511627906976745,0.7333483856400993,"[[56, 30], [19, 84]]"
V,219,213.30999755859372,210.96999816894527,-1.1969947102482414,1,DW,DW,1.1969947102482414,315.10971507670916,0,3,190,114,76,0.6,0.4,141,49,0.7421052631578947,0.2578947368421053,84,57,30,19,0.7421052631578947,0.8155339805825242,0.6551724137931034,0.7353531971878138,"[[57, 30], [19, 84]]"
V,220,212.6999969482422,209.99599914550785,-1.3712730801742075,1,DW,DW,1.3712730801742075,316.48098815688337,0,4,191,114,77,0.5968586387434555,0.4031413612565445,142,49,0.743455497382199,0.25654450261780104,84,58,30,19,0.743455497382199,0.8155339805825242,0.6590909090909091,0.7373124448367167,"[[58, 30], [19, 84]]"
V,221,208.25999450683597,209.8580017089844,0.6673135716403682,0,UP,UP,0.6673135716403682,317.14830172852373,1,0,192,115,77,0.5989583333333334,0.4010416666666667,143,49,0.7447916666666666,0.2552083333333333,85,58,30,19,0.7447916666666666,0.8173076923076923,0.6590909090909091,0.7381993006993006,"[[58, 30], [19, 85]]"
V,222,210.47999572753903,208.53800354003903,-1.0226492906308609,0,UP,DW,-1.0226492906308609,316.1256524378929,2,0,193,116,77,0.6010362694300518,0.39896373056994816,143,50,0.7409326424870466,0.25906735751295334,85,58,31,19,0.7409326424870466,0.8173076923076923,0.651685393258427,0.7344965427830596,"[[58, 31], [19, 85]]"
V,223,212.6999969482422,207.6300048828125,-2.4836352318629347,0,UP,DW,-2.4836352318629347,313.64201720602995,3,0,194,117,77,0.6030927835051546,0.39690721649484534,143,51,0.7371134020618557,0.26288659793814434,85,58,32,19,0.7371134020618557,0.8173076923076923,0.6444444444444445,0.7308760683760684,"[[58, 32], [19, 85]]"
V,224,210.7100067138672,207.4240020751953,-1.659491497304201,0,UP,DW,-1.659491497304201,311.98252570872575,4,0,195,118,77,0.6051282051282051,0.39487179487179486,143,52,0.7333333333333333,0.26666666666666666,85,58,33,19,0.7333333333333333,0.8173076923076923,0.6373626373626373,0.7273351648351648,"[[58, 33], [19, 85]]"
V,225,207.8300018310547,208.03600158691407,-0.0008806456986715089,1,DW,DW,0.0008806456986715089,311.9834063544244,0,1,196,118,78,0.6020408163265306,0.3979591836734694,144,52,0.7346938775510204,0.2653061224489796,85,59,33,19,0.7346938775510204,0.8173076923076923,0.6413043478260869,0.7293060200668896,"[[59, 33], [19, 85]]"
V,226,207.57000732421875,208.7220001220703,0.4549900068424534,0,UP,UP,0.4549900068424534,312.4383963612669,1,0,197,119,78,0.6040609137055838,0.39593908629441626,145,52,0.7360406091370558,0.2639593908629442,86,59,33,19,0.7360406091370558,0.819047619047619,0.6413043478260869,0.730175983436853,"[[59, 33], [19, 86]]"
V,227,203.8800048828125,210.01600036621093,2.909611210734137,0,UP,UP,2.909611210734137,315.348007572001,2,0,198,120,78,0.6060606060606061,0.3939393939393939,146,52,0.7373737373737373,0.26262626262626265,87,59,33,19,0.7373737373737373,0.8207547169811321,0.6413043478260869,0.7310295324036096,"[[59, 33], [19, 87]]"
V,228,208.16000366210935,210.6239990234375,1.0837025931877626,0,UP,UP,1.0837025931877626,316.43171016518875,3,0,199,121,78,0.6080402010050251,0.39195979899497485,147,52,0.7386934673366834,0.2613065326633166,88,59,33,19,0.7386934673366834,0.822429906542056,0.6413043478260869,0.7318671271840715,"[[59, 33], [19, 88]]"
V,229,209.67999267578125,210.7239990234375,0.3979046089869671,1,DW,UP,-0.3979046089869671,316.0338055562018,0,1,200,121,79,0.605,0.395,147,53,0.735,0.265,88,59,33,20,0.735,0.8148148148148148,0.6413043478260869,0.7280595813204509,"[[59, 33], [20, 88]]"
V,230,210.88999938964844,210.15599975585937,-0.4480485731487449,0,UP,DW,-0.4480485731487449,315.58575698305305,1,0,201,122,79,0.6069651741293532,0.39303482587064675,147,54,0.7313432835820896,0.26865671641791045,88,59,34,20,0.7313432835820896,0.8148148148148148,0.6344086021505376,0.7246117084826762,"[[59, 34], [20, 88]]"
V,231,211.0,210.4919982910156,-0.3407591037840667,1,DW,DW,0.3407591037840667,315.9265160868371,0,1,202,122,80,0.6039603960396039,0.39603960396039606,148,54,0.7326732673267327,0.26732673267326734,88,60,34,20,0.7326732673267327,0.8148148148148148,0.6382978723404256,0.7265563435776201,"[[60, 34], [20, 88]]"
V,232,210.3500061035156,210.95199584960935,0.1861848008682748,0,UP,UP,0.1861848008682748,316.1127008877054,1,0,203,123,80,0.6059113300492611,0.39408866995073893,149,54,0.7339901477832512,0.2660098522167488,89,60,34,20,0.7339901477832512,0.8165137614678899,0.6382978723404256,0.7274058169041577,"[[60, 34], [20, 89]]"
V,233,211.1999969482422,211.26599731445316,-0.0687498261531142,0,UP,DW,-0.0687498261531142,316.04395106155226,2,0,204,124,80,0.6078431372549019,0.39215686274509803,149,55,0.7303921568627451,0.2696078431372549,89,60,35,20,0.7303921568627451,0.8165137614678899,0.631578947368421,0.7240463544181555,"[[60, 35], [20, 89]]"
V,234,210.17999267578125,211.1459991455078,0.35960914615535744,0,UP,UP,0.35960914615535744,316.40356020770764,3,0,205,125,80,0.6097560975609756,0.3902439024390244,150,55,0.7317073170731707,0.2682926829268293,90,60,35,20,0.7317073170731707,0.8181818181818182,0.631578947368421,0.7248803827751196,"[[60, 35], [20, 90]]"
V,235,208.0500030517578,211.05799865722656,1.3458041631080548,1,DW,UP,-1.3458041631080548,315.0577560445996,0,1,206,125,81,0.6067961165048543,0.3932038834951456,150,56,0.7281553398058253,0.27184466019417475,90,60,35,21,0.7281553398058253,0.8108108108108109,0.631578947368421,0.7211948790896159,"[[60, 35], [21, 90]]"
V,236,212.67999267578125,209.77000122070316,-1.4682488035036907,1,DW,DW,1.4682488035036907,316.5260048481033,0,2,207,125,82,0.6038647342995169,0.3961352657004831,151,56,0.7294685990338164,0.27053140096618356,90,61,35,21,0.7294685990338164,0.8108108108108109,0.6354166666666666,0.7231137387387387,"[[61, 35], [21, 90]]"
V,237,212.6499938964844,208.69000244140625,-1.962210942270614,1,DW,DW,1.962210942270614,318.4882157903739,0,3,208,125,83,0.6009615384615384,0.39903846153846156,152,56,0.7307692307692307,0.2692307692307692,90,62,35,21,0.7307692307692307,0.8108108108108109,0.6391752577319587,0.7249930342713848,"[[62, 35], [21, 90]]"
V,238,212.7700042724609,207.8080017089844,-2.432096848164049,1,DW,DW,2.432096848164049,320.92031263853795,0,4,209,125,84,0.5980861244019139,0.4019138755980861,153,56,0.7320574162679426,0.2679425837320574,90,63,35,21,0.7320574162679426,0.8108108108108109,0.6428571428571429,0.7268339768339769,"[[63, 35], [21, 90]]"
V,239,209.5800018310547,207.54600219726564,-1.0705122702635943,0,UP,DW,-1.0705122702635943,319.8498003682744,1,0,210,126,84,0.6,0.4,153,57,0.7285714285714285,0.2714285714285714,90,63,36,21,0.7285714285714285,0.8108108108108109,0.6363636363636364,0.7235872235872236,"[[63, 36], [21, 90]]"
V,240,207.6100006103516,208.2600006103516,0.21308703727617848,1,DW,UP,-0.21308703727617848,319.6367133309982,0,1,211,126,85,0.5971563981042654,0.4028436018957346,153,58,0.7251184834123223,0.27488151658767773,90,63,36,22,0.7251184834123223,0.8035714285714286,0.6363636363636364,0.7199675324675325,"[[63, 36], [22, 90]]"
V,241,206.2400054931641,209.2739990234375,1.371098452998253,0,UP,UP,1.371098452998253,321.00781178399643,1,0,212,127,85,0.5990566037735849,0.4009433962264151,154,58,0.7264150943396226,0.27358490566037735,91,63,36,22,0.7264150943396226,0.8053097345132744,0.6363636363636364,0.7208366854384554,"[[63, 36], [22, 91]]"
V,242,207.25,209.6259979248047,1.0464404944775358,0,UP,UP,1.0464404944775358,322.05425227847394,2,0,213,128,85,0.6009389671361502,0.39906103286384975,155,58,0.7276995305164319,0.27230046948356806,92,63,36,22,0.7276995305164319,0.8070175438596491,0.6363636363636364,0.7216905901116427,"[[63, 36], [22, 92]]"
V,243,208.3600006103516,209.1219970703125,0.2657114886392783,0,UP,UP,0.2657114886392783,322.3199637671132,3,0,214,129,85,0.602803738317757,0.397196261682243,156,58,0.7289719626168224,0.27102803738317754,93,63,36,22,0.7289719626168224,0.808695652173913,0.6363636363636364,0.7225296442687748,"[[63, 36], [22, 93]]"
V,244,208.2700042724609,208.5279968261719,0.02387408096148129,0,UP,UP,0.02387408096148129,322.3438378480747,4,0,215,130,85,0.6046511627906976,0.3953488372093023,157,58,0.7302325581395349,0.26976744186046514,94,63,36,22,0.7302325581395349,0.8103448275862069,0.6363636363636364,0.7233542319749215,"[[63, 36], [22, 94]]"
V,245,211.17999267578125,208.0319976806641,-1.5906691468401633,0,UP,DW,-1.5906691468401633,320.75316870123453,5,0,216,131,85,0.6064814814814815,0.39351851851851855,157,59,0.7268518518518519,0.27314814814814814,94,63,37,22,0.7268518518518519,0.8103448275862069,0.63,0.7201724137931034,"[[63, 37], [22, 94]]"
V,246,211.30999755859372,208.2959991455078,-1.5263397131743366,1,DW,DW,1.5263397131743366,322.27950841440884,0,1,217,131,86,0.6036866359447005,0.39631336405529954,158,59,0.728110599078341,0.271889400921659,94,64,37,22,0.728110599078341,0.8103448275862069,0.6336633663366337,0.7220040969614203,"[[64, 37], [22, 94]]"
V,247,209.00999450683597,209.3679992675781,0.0712859528975621,0,UP,UP,0.0712859528975621,322.3507943673064,1,0,218,132,86,0.6055045871559633,0.3944954128440367,159,59,0.7293577981651376,0.2706422018348624,95,64,37,22,0.7293577981651376,0.811965811965812,0.6336633663366337,0.7228145891512228,"[[64, 37], [22, 95]]"
V,248,205.83999633789065,211.87200012207032,2.8304332935752843,0,UP,UP,2.8304332935752843,325.1812276608817,2,0,219,133,86,0.6073059360730594,0.3926940639269406,160,59,0.730593607305936,0.2694063926940639,96,64,37,22,0.730593607305936,0.8135593220338984,0.6336633663366337,0.7236113441852661,"[[64, 37], [22, 96]]"
